crop,country,year,common_name,genus,taxon
Abaca,World,2019,252,8520,61
Acerola,World,2019,690,291,156
Achira,World,2019,90,899,302
Ackee,World,2019,84,159,136
Adlay,World,2019,173,539,202
Adzuki bean,World,2019,328,11300,277
Aeschynomene,World,2019,158,158,9
African eggplant,World,2019,49,16500,125
Agave,World,2019,2710,2710,1
Agropyron,World,2019,598,598,192
Agrostis,World,2019,449,449,183
Ahipa,World,2019,28,284,23
Albardine,World,2019,0,33,32
Alfalfa,World,2019,9260,5870,3230
Allspice,World,2019,65,1470,111
Almonds,World,2019,3870,8320,417
Alopecurus,World,2019,291,291,24
Alysicarpus,World,2019,74,74,25
Amaranth,World,2019,2600,2600,347
Andropogon,World,2019,348,348,87
Anise,World,2019,544,710,412
Annato,World,2019,18,582,553
Apple,World,2019,30600,4280,1930
Apricot,World,2019,3370,8320,722
Areca nuts,World,2019,469,1270,563
Arracacha,World,2019,157,157,123
Arrhenatherum,World,2019,63,63,52
Arrowroot,World,2019,193,237,151
Artichokes,World,2019,2140,1140,462
Asparagus,World,2019,2620,2620,591
Astragalus,World,2019,4190,4190,6
Atemoya,World,2019,95,3960,0
Atriplex,World,2019,950,950,218
Avocado,World,2019,2910,2200,1920
Azarole,World,2019,8,1370,74
Babaco,World,2019,122,202,16
Badian,World,2019,23,452,221
Bambara bean,World,2019,351,11300,391
Bamboo shoot,World,2019,375,1100,359
Bananas,World,2019,15100,9020,857
Barley,World,2019,16100,4600,3790
Basil,World,2019,3840,5830,2600
Bay leaf,World,2019,124,602,521
Beech nut,World,2019,5,2630,1720
Beets,World,2019,8770,44300,2380
Black gram,World,2019,891,11300,1350
Black nightshade,World,2019,82,16500,74
Black salsify,World,2019,3,220,33
Blueberry,World,2019,5000,3500,866
Brachiaria,World,2019,3300,3300,1120
Brazil nut,World,2019,391,517,507
Breadfruit,World,2019,481,2380,530
Buckwheat,World,2019,3500,1240,719
Butter-nut,World,2019,5,561,1
Butternut squash,World,2019,66,3510,1030
Cabbages,World,2019,8130,17500,4510
Cabbages and other brassicas,World,2019,8130,17500,4510
Caesarweed,World,2019,0,164,110
Cainito,World,2019,96,343,92
Calabash,World,2019,123,825,701
Calopogonium,World,2019,74,74,54
Canary seed,World,2019,58,688,71
Candlenut,World,2019,76,241,18
Canola,World,2019,6910,17500,3550
Capers,World,2019,347,1010,520
Carambola,World,2019,758,1090,494
Carapa,World,2019,416,416,307
Caraway,World,2019,371,553,270
Cardamoms,World,2019,787,507,95
Carneros Yucca,World,2019,0,1010,7
Caroa,World,2019,5,27,24
Carobs,World,2019,762,453,434
Carrots,World,2019,5220,2170,1940
Cashews,World,2019,3280,1650,1270
Cassava,World,2019,13700,4220,3120
Castor bean,World,2019,927,3570,2430
Ceara,World,2019,477,4220,72
Celery,World,2019,1240,841,718
Centrosema,World,2019,177,177,76
Ceylon-spinach,World,2019,9,366,6
Chayote,World,2019,233,377,354
Cherimoya,World,2019,81,3960,267
Cherries,World,2019,9590,8320,1020
Chervil,World,2019,28,103,13
Chestnuts,World,2019,4670,1610,850
Chickpeas,World,2019,8870,4800,4320
Chicle,World,2019,59,602,268
Chicory,World,2019,1060,1090,876
Chillies and peppers,World,2019,126,11900,6170
Chinotto,World,2019,11,22100,12
Chontadura,World,2019,0,325,8
Chufa,World,2019,127,2250,470
Cinnamon,World,2019,2800,2950,339
Citron,World,2019,344,22100,247
Citronella,World,2019,362,2150,258
Clovers,World,2019,4480,2720,767
Cloves,World,2019,1770,3360,855
Cocoa,World,2019,8290,4250,3790
Coconuts,World,2019,11500,2750,1640
Coffee,World,2019,18000,4870,2940
Common bean,World,2019,4700,9870,8220
Coriander,World,2019,1750,1650,1620
Coronilla,World,2019,85,85,33
Cotton,World,2019,25600,5090,3560
Cowpeas,World,2019,7300,11300,3800
Crambe,World,2019,904,904,10
Cranberries,World,2019,2030,3500,259
Cress,World,2019,688,1630,670
Cucumbers and gherkins,World,2019,13500,6040,2970
Cumin,World,2019,1770,990,942
Currants,World,2019,612,1350,445
Cushaw,World,2019,10,3510,69
Custard apple,World,2019,482,3960,134
Dactylis,World,2019,531,531,498
Dates,World,2019,17200,7890,2020
Desmodium,World,2019,653,653,22
Devil's cotton,World,2019,3,51,0
Dill,World,2019,771,679,615
Durian,World,2019,2010,668,529
Eggplant,World,2019,3330,16500,2630
Elderberry,World,2019,342,846,413
Esparto,World,2019,79,908,103
Ethiopian rape,World,2019,8,17500,331
Faba beans,World,2019,2770,4470,2940
Feijoa,World,2019,280,553,193
Fennel,World,2019,1480,1490,1310
Fenugreek,World,2019,2710,2440,1890
Fescue,World,2019,2160,1790,602
Fig leaf gourd,World,2019,2,3510,84
Figs,World,2019,4740,7310,1340
Finger millet,World,2019,1600,1210,907
Fique,World,2019,401,162,8
Flax,World,2019,4880,2450,1880
Fonio,World,2019,168,657,126
Foxtail millet,World,2019,1050,1430,640
Galactia,World,2019,37,37,4
Garlic,World,2019,9180,12900,3830
Giant cabuya,World,2019,0,162,16
Ginger,World,2019,6720,4490,3440
Gooseberries,World,2019,588,1350,27
Grapefruits,World,2019,1340,22100,352
Grapes,World,2019,15500,9470,6400
Grasspea,World,2019,108,983,537
Groundnuts,World,2019,6780,5410,4000
Guavas,World,2019,3970,4120,3490
Guayule,World,2019,189,1490,56
Gutta-percha,World,2019,812,36,2
Hazelnuts,World,2019,1860,956,612
Hedysarum,World,2019,570,570,83
Hemp,World,2019,3770,14600,1500
Hops,World,2019,1660,970,757
Horseradish,World,2019,1610,144,124
Huckleberry,World,2019,572,16,1
Indigofera,World,2019,891,891,22
Jack bean,World,2019,197,905,563
Jackfruit,World,2019,944,2380,928
Japanese millet,World,2019,44,1080,63
Jelutong,World,2019,23,63,23
Jerusalem artichoke,World,2019,916,5370,758
Jicama,World,2019,55,284,201
Jojoba,World,2019,482,195,190
Jujube,World,2019,3220,2100,703
Jute,World,2019,3610,851,490
Kaniwa,World,2019,7,3650,133
Kapok,World,2019,501,953,379
Karite nuts,World,2019,14,363,352
Kenaf,World,2019,3070,5940,615
Kiwi fruit,World,2019,331,1750,1
Kiwicha,World,2019,166,2600,325
Kodo millet,World,2019,109,1110,90
Kola nuts,World,2019,28,5120,74
Kumquat,World,2019,178,151,19
Lablab,World,2019,856,856,536
Lavender,World,2019,1870,1520,610
Leeks and other alliaceous vegetables,World,2019,605,12900,172
Lemons and limes,World,2019,4150,22100,699
Lentils,World,2019,3010,27800,1450
Lespedeza,World,2019,527,527,163
Lettuce,World,2019,7890,4470,3570
Leucaena,World,2019,2010,2010,1470
Licorice,World,2019,1460,2110,952
Lima bean,World,2019,312,9870,411
Litchi,World,2019,2290,2290,708
Little millet,World,2019,147,2840,56
Lolium,World,2019,3190,3190,1660
Longan,World,2019,1380,363,342
Loquat,World,2019,1770,697,629
Lotus,World,2019,6270,6270,435
Lupins,World,2019,1520,2320,456
Maca,World,2019,1100,1630,471
Macadamia nut,World,2019,150,838,131
Macroptilium,World,2019,95,95,28
Mahuwa,World,2019,1,411,150
Maize,World,2019,34300,16400,16300
Malabar spinach,World,2019,21,295,194
Mamey sapote,World,2019,59,386,133
Mammee,World,2019,2,118,47
Mandarines,World,2019,74,22100,1070
Mango,World,2019,12200,4350,3950
Mangosteen,World,2019,1080,3900,1610
Maple sugar,World,2019,409,2820,181
Marjoram,World,2019,215,2260,282
Mashua,World,2019,158,433,155
Mat bean,World,2019,4,11300,120
Mate,World,2019,8640,2570,931
Mauka,World,2019,17,1890,17
Medlar,World,2019,167,115,100
Melilotus,World,2019,401,410,83
Melons,World,2019,6430,6040,2330
Mombin,World,2019,415,1040,365
Mulberry,World,2019,6090,3490,509
Mung bean,World,2019,1780,11300,3600
Myrtle,World,2019,667,824,766
Naranjilla,World,2019,206,16500,328
Neonotonia,World,2019,43,43,37
New Zealand flax,World,2019,13,61,38
New Zealand Spinach,World,2019,32,77,26
Noog,World,2019,1,261,247
Nutmeg,World,2019,631,851,562
Oats,World,2019,5590,3170,1480
Oca,World,2019,1070,726,158
Oil palm,World,2019,17400,3240,2870
Oiticica,World,2019,303,108,31
Okra,World,2019,4790,3180,2610
Olives,World,2019,17600,3040,2330
Onions,World,2019,9620,12900,4820
Onobrychis,World,2019,588,588,242
Orache,World,2019,8,8,12
Oranges,World,2019,16500,22100,2170
Oregano,World,2019,1430,2260,1280
Ornithopus,World,2019,37,37,14
Papayas,World,2019,7820,5770,4010
Parsley,World,2019,731,459,359
Parsnip,World,2019,105,122,68
Passionfruit,World,2019,129,3570,1460
Pawpaw,World,2019,390,124,102
Peaches and nectarines,World,2019,8160,8320,1370
Pearl millet,World,2019,3000,3800,1374
Pears,World,2019,8100,2190,608
Peas,World,2019,11100,4490,3810
Pecan,World,2019,1200,785,228
Pepino,World,2019,1280,16500,145
Pepper,World,2019,14800,7370,1200
Peppermint,World,2019,1180,3980,1290
Perilla,World,2019,1420,1420,698
Persimmons,World,2019,2230,1510,699
Phalaris,World,2019,688,688,31
Phleum,World,2019,293,293,230
Physic nut,World,2019,460,11900,7600
Pigeonpeas,World,2019,2810,2430,2240
Pili nut,World,2019,10,456,33
Pine nut,World,2019,217,16800,522
Pineapples,World,2019,4950,2300,1800
Pistachios,World,2019,2540,2160,635
Plantains,World,2019,1920,9020,323
Plums,World,2019,4440,8320,594
Poa,World,2019,1410,1410,11
Pomegranate,World,2019,7160,3710,3250
Pongamia oil,World,2019,241,1250,82
Poppies,World,2019,1300,899,453
Potatoes,World,2019,23700,16500,6160
Prickly pear,World,2019,461,3360,1570
Proso millet,World,2019,301,2840,425
Prosopis,World,2019,2570,2570,22
Pueraria,World,2019,1120,1120,97
Pumpkin,World,2019,4070,3510,537
Purging croton,World,2019,0,1910,63
Pyrethrum,World,2019,408,5290,14
Quinces,World,2019,1600,406,336
Quinoa,World,2019,3800,3650,1970
Radish,World,2019,2980,2000,1810
Rambutan,World,2019,926,514,443
Ramie,World,2019,1290,415,326
Rapeseed and Mustards,World,2019,7000,17500,6940
Raspberries,World,2019,7640,3320,399
Rhubarb,World,2019,1010,1020,44
Rhynchosia,World,2019,196,196,28
Rice (African),World,2019,316,15700,200
Rice (Asian),World,2019,60000,15700,15400
Rice bean,World,2019,353,11300,138
Roselle,World,2019,1150,5940,2670
Rosemary,World,2019,2960,2140,1980
"Rubber, natural",World,2019,20400,3020,2440
Runner bean,World,2019,89,9870,172
Rye,World,2019,3820,782,567
Safflower,World,2019,3220,1910,1660
Saffron,World,2019,3070,2200,1700
Sago palm,World,2019,254,466,417
Salsify,World,2019,26,181,31
Salsola,World,2019,437,437,21
Sapodilla,World,2019,117,602,268
Savory,World,2019,623,1530,543
Service tree,World,2019,392,938,86
Sesame,World,2019,6480,2790,2550
Sesbania,World,2019,1010,1010,148
Shala tree,World,2019,0,894,256
Sisal,World,2019,2250,2710,235
Slippery cabbage,World,2019,1,3180,234
Snake gourd,World,2019,85,647,124
Snake plant,World,2019,43,461,163
Sorghum,World,2019,15800,15800,4550
Sorrel,World,2019,228,1180,110
Soursop,World,2019,468,3960,1670
Soybeans,World,2019,37600,15700,9460
Spider plant,World,2019,276,45,33
Spinach,World,2019,3590,845,774
Strawberries,World,2019,11200,3400,14
Strawberry tree,World,2019,158,447,325
Stylosanthes,World,2019,534,534,30
Sugar apple,World,2019,263,3960,1050
Sugar beets,World,2019,6350,44300,2380
Sugarcane,World,2019,17100,3790,1840
Sunflowers,World,2019,14100,5370,3710
Sunn hemp,World,2019,152,1040,345
Sweetpotatoes,World,2019,2160,5370,2960
Sword bean,World,2019,45,905,64
Tallowtree,World,2019,21,112,90
Tamarind,World,2019,1220,1150,1130
Taro,World,2019,1710,1530,1300
Tarragon,World,2019,149,7470,240
Tea,World,2019,29600,6980,3540
Teff,World,2019,588,692,321
Tepary bean,World,2019,71,9870,93
Thyme,World,2019,1890,7820,1430
Tobacco,World,2019,41600,4900,2620
Tomatillo,World,2019,68,2570,29
Tomatoes,World,2019,29600,16500,4740
Tree tomato,World,2019,104,16500,366
Tripsacum,World,2019,76,76,13
Triticale,World,2019,476,476,0
Tung nuts,World,2019,6,118,92
Turmeric,World,2019,3610,6360,2990
Turnips,World,2019,998,17500,2760
Ulluco,World,2019,12,78,74
Vanilla,World,2019,1470,1470,417
Velvet bean,World,2019,148,1570,860
Velvet leaf,World,2019,21,605,167
Vetch,World,2019,1300,4470,487
Walnuts,World,2019,5910,2530,1590
Water dropwort,World,2019,71,390,129
Watercress,World,2019,314,374,268
Watermelons,World,2019,5140,2440,1330
Wax gourd,World,2019,107,365,277
West Indian Gherkin,World,2019,7,6040,83
Wheat,World,2019,41700,15000,12700
Wildrice,World,2019,13,324,41
Winged bean,World,2019,151,196,175
Yacon,World,2019,777,706,624
Yams,World,2019,4290,3880,401
"Yautia, cocoyam",World,2019,2,556,320
Year bean,World,2019,28,9870,7
Zornia,World,2019,60,60,3
Zucchini,World,2019,829,3510,1380
